Name,Date_measured,Date_sowing,Experiment,PlantNo,Remark,Stem_length,germination,Deformity,Thickness_1st_right,Thickness_1st_left
Murakami_2015,20150813,20150805,x1,1,,1.83,1,,,
Murakami_2015,20150813,20150805,x1,2,,1.45,1,,,
Murakami_2015,20150813,20150805,x1,3,W,2,1,-1,,
Murakami_2015,20150813,20150805,x1,4,,NA,1,,,
Murakami_2015,20150813,20150805,x1,5,WFR,1.98,1,-1,,
Murakami_2015,20150813,20150805,x1,6,,1.98,1,2,,
Murakami_2015,20150813,20150805,x1,7,,1.67,1,-1,,
Murakami_2015,20150813,20150805,x1,8,,2.14,1,2,,
Murakami_2015,20150813,20150805,x1,9,,2.17,1,2,,
Murakami_2015,20150813,20150805,x1,10,,1.76,1,-1,,
Murakami_2015,20150813,20150805,x1,11,,NA,1,,,
Murakami_2015,20150813,20150805,x1,12,WFR,2.09,1,,,
Murakami_2015,20150813,20150805,x1,13,,1.68,1,1,,
Murakami_2015,20150813,20150805,x1,14,,1.94,1,1,,
Murakami_2015,20150813,20150805,x1,15,,2.31,1,,,
Murakami_2015,20150813,20150805,x1,16,,1.63,1,,,
Murakami_2015,20150813,20150805,x1,17,,NA,1,,,
Murakami_2015,20150813,20150805,x1,18,,1.08,1,,,
Murakami_2015,20150813,20150805,x1,19,,1.88,1,-1,,
Murakami_2015,20150813,20150805,x1,20,,1.6,1,-1,,
Murakami_2015,20150813,20150805,x1,21,,1.88,1,,,
Murakami_2015,20150813,20150805,x1,22,W,1.91,1,,,
Murakami_2015,20150813,20150805,x1,23,,1.51,1,,,
Murakami_2015,20150813,20150805,x1,24,,1.38,1,1,,
Murakami_2015,20150813,20150805,x1,25,,2.18,1,-1,,
Murakami_2015,20150813,20150805,x1,26,W,2.08,1,-1,,
Murakami_2015,20150813,20150805,x1,27,,1.86,1,-1,,
Murakami_2015,20150813,20150805,x1,28,,1.65,1,2,,
Murakami_2015,20150813,20150805,x1,29,,1.51,1,,,
Murakami_2015,20150813,20150805,x1,30,,1.8,1,,,
Murakami_2015,20150813,20150805,x1,31,WFR,1.98,1,-1,,
Murakami_2015,20150813,20150805,x1,32,,NA,1,,,
Murakami_2015,20150813,20150805,x1,33,,NA,1,,,
Murakami_2015,20150813,20150805,x1,34,,0.89,1,,,
Murakami_2015,20150813,20150805,x1,35,,1.51,1,,,
Murakami_2015,20150813,20150805,x1,36,,1.59,1,,,
Murakami_2015,20150813,20150805,x1,37,,2.29,1,-1,,
Murakami_2015,20150813,20150805,x1,38,W,2.06,1,-1,,
Murakami_2015,20150813,20150805,x1,39,,1.65,1,,,
Murakami_2015,20150813,20150805,x1,40,,NA,1,,,
Murakami_2015,20150813,20150805,x1,41,,2.39,1,-1,,
Murakami_2015,20150813,20150805,x1,42,,1.84,1,-1,,
Murakami_2015,20150813,20150805,x1,43,,NA,1,,,
Murakami_2015,20150813,20150805,x1,44,,2.17,1,,,
Murakami_2015,20150813,20150805,x1,45,,2.15,1,2,,
Murakami_2015,20150813,20150805,x1,46,,2.68,1,,,
Murakami_2015,20150813,20150805,x1,47,WFR,2.04,1,-1,,
Murakami_2015,20150813,20150805,x1,48,,1.8,1,2,,
Murakami_2015,20150815,20150805,x1,3,W,2.77,1,,,
Murakami_2015,20150815,20150805,x1,22,W,2.65,1,,,
Murakami_2015,20150815,20150805,x1,26,W,3.02,1,,,
Murakami_2015,20150815,20150805,x1,38,W,2.6,1,,,
Murakami_2015,20150815,20150805,x1,5,WFR,4.07,1,,,
Murakami_2015,20150815,20150805,x1,12,WFR,3.85,1,,,
Murakami_2015,20150815,20150805,x1,31,WFR,3.69,1,,,
Murakami_2015,20150815,20150805,x1,47,WFR,3.76,1,,,
Murakami_2015,20150817,20150805,x1,3,W,2.9,1,,,
Murakami_2015,20150817,20150805,x1,22,W,2.61,1,,,
Murakami_2015,20150817,20150805,x1,26,W,3.02,1,,,
Murakami_2015,20150817,20150805,x1,38,W,2.99,1,,,
Murakami_2015,20150817,20150805,x1,5,WFR,4.93,1,,,
Murakami_2015,20150817,20150805,x1,12,WFR,4.95,1,,,
Murakami_2015,20150817,20150805,x1,31,WFR,4.92,1,,,
Murakami_2015,20150817,20150805,x1,47,WFR,4.89,1,,,
Murakami_2015,20150820,20150805,x1,3,W,4.58,1,,379,418
Murakami_2015,20150820,20150805,x1,22,W,4.26,1,,488,492
Murakami_2015,20150820,20150805,x1,26,W,4.27,1,,456,457
Murakami_2015,20150820,20150805,x1,38,W,4.57,1,,413,413
Murakami_2015,20150820,20150805,x1,5,WFR,7.55,1,,397,458
Murakami_2015,20150820,20150805,x1,12,WFR,7.85,1,,427,415
Murakami_2015,20150820,20150805,x1,31,WFR,7.75,1,,411,425
Murakami_2015,20150820,20150805,x1,47,WFR,7.79,1,,361,345
Murakami_2015,20151008,20150930,year15_01,1,,2.32,1,,,
Murakami_2015,20151008,20150930,year15_01,2,,1.96,1,-1,,
Murakami_2015,20151008,20150930,year15_01,3,,2.46,1,,,
Murakami_2015,20151008,20150930,year15_01,4,W,2.56,1,-1,,
Murakami_2015,20151008,20150930,year15_01,5,,2.23,1,,,
Murakami_2015,20151008,20150930,year15_01,6,,2.73,1,,,
Murakami_2015,20151008,20150930,year15_01,7,WFR,2.73,1,-1,,
Murakami_2015,20151008,20150930,year15_01,8,,2.2,1,,,
Murakami_2015,20151008,20150930,year15_01,9,WFR,2.36,1,-1,,
Murakami_2015,20151008,20150930,year15_01,10,,2.23,1,,,
Murakami_2015,20151008,20150930,year15_01,11,,1.98,1,,,
Murakami_2015,20151008,20150930,year15_01,12,W,3.08,1,-1,,
Murakami_2015,20151008,20150930,year15_01,13,,1.87,1,,,
Murakami_2015,20151008,20150930,year15_01,14,,2.2,1,,,
Murakami_2015,20151008,20150930,year15_01,15,WFR,3.25,1,-1,,
Murakami_2015,20151008,20150930,year15_01,16,,2.17,1,2,,
Murakami_2015,20151008,20150930,year15_01,17,,2.3,1,,,
Murakami_2015,20151008,20150930,year15_01,18,,1.88,1,,,
Murakami_2015,20151008,20150930,year15_01,19,,2.37,1,,,
Murakami_2015,20151008,20150930,year15_01,20,WFR,2.73,1,-1,,
Murakami_2015,20151008,20150930,year15_01,21,W,2.4,1,-1,,
Murakami_2015,20151008,20150930,year15_01,22,W,2.48,1,-1,,
Murakami_2015,20151008,20150930,year15_01,23,,2.05,1,,,
Murakami_2015,20151008,20150930,year15_01,24,,2.21,1,,,
Murakami_2015,20151008,20150930,year15_01,25,W,2.81,1,-1,,
Murakami_2015,20151008,20150930,year15_01,26,,2.12,1,,,
Murakami_2015,20151008,20150930,year15_01,27,,2.44,1,2,,
Murakami_2015,20151008,20150930,year15_01,28,,2.33,1,,,
Murakami_2015,20151008,20150930,year15_01,29,,2.1,1,,,
Murakami_2015,20151008,20150930,year15_01,30,,2.16,1,-1,,
Murakami_2015,20151008,20150930,year15_01,31,,1.88,1,,,
Murakami_2015,20151008,20150930,year15_01,32,,1.57,1,,,
Murakami_2015,20151008,20150930,year15_01,33,,NA,1,,,
Murakami_2015,20151008,20150930,year15_01,34,WFR,2.4,1,-1,,
Murakami_2015,20151008,20150930,year15_01,35,,1.62,1,1,,
Murakami_2015,20151008,20150930,year15_01,36,,NA,1,,,
Murakami_2015,20151008,20150930,year15_01,37,,2.15,1,,,
Murakami_2015,20151008,20150930,year15_01,38,WFR,2.36,1,-1,,
Murakami_2015,20151008,20150930,year15_01,39,,2.32,1,,,
Murakami_2015,20151008,20150930,year15_01,40,,NA,1,,,
Murakami_2015,20151008,20150930,year15_01,41,,2.48,1,,,
Murakami_2015,20151008,20150930,year15_01,42,,2.51,1,,,
Murakami_2015,20151008,20150930,year15_01,43,W,2.35,1,-1,,
Murakami_2015,20151008,20150930,year15_01,44,,1.95,1,,,
Murakami_2015,20151008,20150930,year15_01,45,,2.09,1,-1,,
Murakami_2015,20151008,20150930,year15_01,46,,2.17,1,,,
Murakami_2015,20151008,20150930,year15_01,47,,2.4,1,,,
Murakami_2015,20151008,20150930,year15_01,48,,NA,1,,,
Murakami_2015,20151011,20150930,year15_01,4,W,3.32,1,-1,,
Murakami_2015,20151011,20150930,year15_01,12,W,3.56,1,-1,,
Murakami_2015,20151011,20150930,year15_01,21,W,3.48,1,-1,,
Murakami_2015,20151011,20150930,year15_01,22,W,3.12,1,-1,,
Murakami_2015,20151011,20150930,year15_01,25,W,3.58,1,-1,,
Murakami_2015,20151011,20150930,year15_01,43,W,3.16,1,-1,,
Murakami_2015,20151011,20150930,year15_01,7,WFR,5.56,1,-1,,
Murakami_2015,20151011,20150930,year15_01,9,WFR,4.86,1,-1,,
Murakami_2015,20151011,20150930,year15_01,15,WFR,4.89,1,-1,,
Murakami_2015,20151011,20150930,year15_01,20,WFR,5.55,1,-1,,
Murakami_2015,20151011,20150930,year15_01,34,WFR,5.59,1,-1,,
Murakami_2015,20151011,20150930,year15_01,38,WFR,4.43,1,-1,,
Murakami_2015,20151013,20150930,year15_01,4,W,3.26,1,-1,,
Murakami_2015,20151013,20150930,year15_01,12,W,4.25,1,-1,,
Murakami_2015,20151013,20150930,year15_01,21,W,3.28,1,-1,,
Murakami_2015,20151013,20150930,year15_01,22,W,3.55,1,-1,,
Murakami_2015,20151013,20150930,year15_01,25,W,3.84,1,-1,,
Murakami_2015,20151013,20150930,year15_01,43,W,4.18,1,-1,,
Murakami_2015,20151013,20150930,year15_01,7,WFR,6.48,1,-1,,
Murakami_2015,20151013,20150930,year15_01,9,WFR,6.03,1,-1,,
Murakami_2015,20151013,20150930,year15_01,15,WFR,5.99,1,-1,,
Murakami_2015,20151013,20150930,year15_01,20,WFR,7.49,1,-1,,
Murakami_2015,20151013,20150930,year15_01,34,WFR,7.47,1,-1,,
Murakami_2015,20151013,20150930,year15_01,38,WFR,5.84,1,-1,,
Murakami_2015,20151016,20150930,year15_01,4,W,5.98,1,-1,,
Murakami_2015,20151016,20150930,year15_01,12,W,5.33,1,-1,,
Murakami_2015,20151016,20150930,year15_01,21,W,5.28,1,-1,,
Murakami_2015,20151016,20150930,year15_01,22,W,5.58,1,-1,,
Murakami_2015,20151016,20150930,year15_01,25,W,5.25,1,-1,,
Murakami_2015,20151016,20150930,year15_01,43,W,4.81,1,-1,,
Murakami_2015,20151016,20150930,year15_01,7,WFR,9.51,1,-1,,
Murakami_2015,20151016,20150930,year15_01,9,WFR,8.58,1,-1,,
Murakami_2015,20151016,20150930,year15_01,15,WFR,8.17,1,-1,,
Murakami_2015,20151016,20150930,year15_01,20,WFR,8.7,1,-1,,
Murakami_2015,20151016,20150930,year15_01,34,WFR,9.66,1,-1,,
Murakami_2015,20151016,20150930,year15_01,38,WFR,7.54,1,-1,,
Murakami_2015,20151019,20151011,year15_02,35,,1.04,1,,,
Murakami_2015,20151019,20151011,year15_02,29,,1.07,1,2,,
Murakami_2015,20151019,20151011,year15_02,21,,1.18,1,,,
Murakami_2015,20151019,20151011,year15_02,36,,1.28,1,,,
Murakami_2015,20151019,20151011,year15_02,41,,1.34,1,,,
Murakami_2015,20151019,20151011,year15_02,17,,1.44,1,,,
Murakami_2015,20151019,20151011,year15_02,16,,1.48,1,,,
Murakami_2015,20151019,20151011,year15_02,26,,1.48,1,,,
Murakami_2015,20151019,20151011,year15_02,8,,1.55,1,2,,
Murakami_2015,20151019,20151011,year15_02,32,,1.56,1,,,
Murakami_2015,20151019,20151011,year15_02,37,,1.57,1,,,
Murakami_2015,20151019,20151011,year15_02,5,,1.63,1,-1,,
Murakami_2015,20151019,20151011,year15_02,46,,1.67,1,,,
Murakami_2015,20151019,20151011,year15_02,9,,1.76,1,2,,
Murakami_2015,20151019,20151011,year15_02,1,,1.79,1,,,
Murakami_2015,20151019,20151011,year15_02,20,,1.91,1,,,
Murakami_2015,20151019,20151011,year15_02,38,,1.96,1,,,
Murakami_2015,20151019,20151011,year15_02,12,,1.97,1,,,
Murakami_2015,20151019,20151011,year15_02,2,,1.98,1,,,
Murakami_2015,20151019,20151011,year15_02,44,,2,1,-1,,
Murakami_2015,20151019,20151011,year15_02,39,,2.02,1,,,
Murakami_2015,20151019,20151011,year15_02,25,W,2.06,1,-1,,
Murakami_2015,20151019,20151011,year15_02,19,WFR,2.07,1,-1,,
Murakami_2015,20151019,20151011,year15_02,24,,2.07,1,2,,
Murakami_2015,20151019,20151011,year15_02,4,,2.08,1,,,
Murakami_2015,20151019,20151011,year15_02,18,,2.08,1,,,
Murakami_2015,20151019,20151011,year15_02,43,,2.09,1,,,
Murakami_2015,20151019,20151011,year15_02,3,WFR,2.1,1,-1,,
Murakami_2015,20151019,20151011,year15_02,14,,2.1,1,,,
Murakami_2015,20151019,20151011,year15_02,40,,2.1,1,,,
Murakami_2015,20151019,20151011,year15_02,47,,2.11,1,,,
Murakami_2015,20151019,20151011,year15_02,10,,2.13,1,,,
Murakami_2015,20151019,20151011,year15_02,22,,2.16,1,,,
Murakami_2015,20151019,20151011,year15_02,7,,2.21,1,,,
Murakami_2015,20151019,20151011,year15_02,42,W,2.21,1,-1,,
Murakami_2015,20151019,20151011,year15_02,15,,2.28,1,,,
Murakami_2015,20151019,20151011,year15_02,31,WFR,2.28,1,-1,,
Murakami_2015,20151019,20151011,year15_02,48,W,2.33,1,-1,,
Murakami_2015,20151019,20151011,year15_02,27,,2.4,1,1,,
Murakami_2015,20151019,20151011,year15_02,28,W,2.4,1,-1,,
Murakami_2015,20151019,20151011,year15_02,30,WFR,2.41,1,-1,,
Murakami_2015,20151019,20151011,year15_02,6,,NA,1,,,
Murakami_2015,20151019,20151011,year15_02,11,,NA,1,,,
Murakami_2015,20151019,20151011,year15_02,13,,NA,0,,,
Murakami_2015,20151019,20151011,year15_02,23,,NA,1,,,
Murakami_2015,20151019,20151011,year15_02,33,,NA,1,,,
Murakami_2015,20151019,20151011,year15_02,34,,NA,1,,,
Murakami_2015,20151019,20151011,year15_02,45,,,1,,,
Murakami_2015,20151021,20151011,year15_02,25,W,3.16,1,-1,,
Murakami_2015,20151021,20151011,year15_02,28,W,2.9,1,-1,,
Murakami_2015,20151021,20151011,year15_02,42,W,2.92,1,-1,,
Murakami_2015,20151021,20151011,year15_02,48,W,3.24,1,-1,,
Murakami_2015,20151021,20151011,year15_02,3,WFR,3.89,1,-1,,
Murakami_2015,20151021,20151011,year15_02,19,WFR,4.4,1,-1,,
Murakami_2015,20151021,20151011,year15_02,30,WFR,4.24,1,-1,,
Murakami_2015,20151021,20151011,year15_02,31,WFR,3.91,1,-1,,
Murakami_2015,20151023,20151011,year15_02,25,W,2.86,1,-1,,
Murakami_2015,20151023,20151011,year15_02,28,W,3.19,1,-1,,
Murakami_2015,20151023,20151011,year15_02,42,W,3.4,1,-1,,
Murakami_2015,20151023,20151011,year15_02,48,W,3.53,1,-1,,
Murakami_2015,20151023,20151011,year15_02,3,WFR,5.12,1,-1,,
Murakami_2015,20151023,20151011,year15_02,19,WFR,5.56,1,-1,,
Murakami_2015,20151023,20151011,year15_02,30,WFR,5.69,1,-1,,
Murakami_2015,20151023,20151011,year15_02,31,WFR,5.8,1,-1,,
Murakami_2015,20151026,20151011,year15_02,25,W,4.66,1,-1,,
Murakami_2015,20151026,20151011,year15_02,28,W,4.82,1,-1,,
Murakami_2015,20151026,20151011,year15_02,42,W,5.03,1,-1,,
Murakami_2015,20151026,20151011,year15_02,48,W,5.07,1,-1,,
Murakami_2015,20151026,20151011,year15_02,3,WFR,8.38,1,-1,,
Murakami_2015,20151026,20151011,year15_02,19,WFR,8.39,1,-1,,
Murakami_2015,20151026,20151011,year15_02,30,WFR,7.47,1,-1,,
Murakami_2015,20151026,20151011,year15_02,31,WFR,7.74,1,-1,,
Murakami_2015,20151105,20151028,year15_03,12,,1.11,1,1,,
Murakami_2015,20151105,20151028,year15_03,21,,1.67,1,,,
Murakami_2015,20151105,20151028,year15_03,9,,1.78,1,2,,
Murakami_2015,20151105,20151028,year15_03,24,,1.8,1,,,
Murakami_2015,20151105,20151028,year15_03,22,W,1.83,1,-1,,
Murakami_2015,20151105,20151028,year15_03,15,,1.87,1,2,,
Murakami_2015,20151105,20151028,year15_03,7,W,1.88,1,-1,,
Murakami_2015,20151105,20151028,year15_03,13,W,1.89,1,-1,,
Murakami_2015,20151105,20151028,year15_03,16,,1.91,1,,,
Murakami_2015,20151105,20151028,year15_03,8,,1.92,1,,,
Murakami_2015,20151105,20151028,year15_03,11,,1.94,1,,,
Murakami_2015,20151105,20151028,year15_03,19,W,2.03,1,-1,,
Murakami_2015,20151105,20151028,year15_03,6,,2.04,1,,,
Murakami_2015,20151105,20151028,year15_03,2,W,2.06,1,-1,,
Murakami_2015,20151105,20151028,year15_03,4,,2.06,1,,,
Murakami_2015,20151105,20151028,year15_03,5,,2.18,1,,,
Murakami_2015,20151105,20151028,year15_03,18,W,2.18,1,-1,,
Murakami_2015,20151105,20151028,year15_03,1,,2.25,1,,,
Murakami_2015,20151105,20151028,year15_03,17,,2.28,1,,,
Murakami_2015,20151105,20151028,year15_03,3,,2.31,1,,,
Murakami_2015,20151105,20151028,year15_03,10,,2.78,1,,,
Murakami_2015,20151105,20151028,year15_03,14,,NA,1,,,
Murakami_2015,20151105,20151028,year15_03,20,,NA,1,,,
Murakami_2015,20151105,20151028,year15_03,23,,NA,1,,,
Murakami_2015,20151107,20151028,year15_03,2,W,2.81,1,,,
Murakami_2015,20151107,20151028,year15_03,7,W,2.71,1,,,
Murakami_2015,20151107,20151028,year15_03,13,W,2.75,1,,,
Murakami_2015,20151107,20151028,year15_03,18,W,2.85,1,,,
Murakami_2015,20151107,20151028,year15_03,19,W,3.06,1,,,
Murakami_2015,20151107,20151028,year15_03,22,W,2.8,1,,,
Murakami_2015,20151109,20151028,year15_03,2,W,3.06,1,,,
Murakami_2015,20151109,20151028,year15_03,7,W,2.83,1,,,
Murakami_2015,20151109,20151028,year15_03,13,W,3.24,1,,,
Murakami_2015,20151109,20151028,year15_03,18,W,2.84,1,,,
Murakami_2015,20151109,20151028,year15_03,19,W,3.03,1,,,
Murakami_2015,20151109,20151028,year15_03,22,W,3.44,1,,,
Murakami_2015,20151111,20151028,year15_03,2,W,4.05,1,,,
Murakami_2015,20151111,20151028,year15_03,7,W,3.88,1,,,
Murakami_2015,20151111,20151028,year15_03,13,W,4.05,1,,,
Murakami_2015,20151111,20151028,year15_03,18,W,4.23,1,,,
Murakami_2015,20151111,20151028,year15_03,19,W,3.84,1,,,
Murakami_2015,20151111,20151028,year15_03,22,W,3.29,1,,,
Murakami_2015,20151113,20151028,year15_03,2,W,4.47,1,,405,401
Murakami_2015,20151113,20151028,year15_03,7,W,4.5,1,,546,501
Murakami_2015,20151113,20151028,year15_03,13,W,4.94,1,,520,468
Murakami_2015,20151113,20151028,year15_03,18,W,4.97,1,,526,429
Murakami_2015,20151113,20151028,year15_03,19,W,4.6,1,,532,519
Murakami_2015,20151113,20151028,year15_03,22,W,3.75,1,,405,432
Murakami_2015,20151109,20151101,year15_04,1,W,2.18,1,-1,,
Murakami_2015,20151109,20151101,year15_04,5,W,2.32,1,-1,,
Murakami_2015,20151109,20151101,year15_04,7,W,1.97,1,-1,,
Murakami_2015,20151109,20151101,year15_04,18,W,1.74,1,-1,,
Murakami_2015,20151109,20151101,year15_04,19,W,2.04,1,-1,,
Murakami_2015,20151109,20151101,year15_04,22,W,1.78,1,-1,,
Murakami_2015,20151109,20151101,year15_04,2,,NA,1,,,
Murakami_2015,20151109,20151101,year15_04,3,,1.56,1,,,
Murakami_2015,20151109,20151101,year15_04,4,,NA,1,2,,
Murakami_2015,20151109,20151101,year15_04,6,,1.89,1,,,
Murakami_2015,20151109,20151101,year15_04,8,,1.88,1,,,
Murakami_2015,20151109,20151101,year15_04,9,,2.51,1,,,
Murakami_2015,20151109,20151101,year15_04,10,,1.55,1,-1,,
Murakami_2015,20151109,20151101,year15_04,11,,1.99,1,,,
Murakami_2015,20151109,20151101,year15_04,12,,1.83,1,2,,
Murakami_2015,20151109,20151101,year15_04,13,,1.78,1,,,
Murakami_2015,20151109,20151101,year15_04,14,,2.11,1,,,
Murakami_2015,20151109,20151101,year15_04,15,,2.31,1,,,
Murakami_2015,20151109,20151101,year15_04,16,,2,1,2,,
Murakami_2015,20151109,20151101,year15_04,17,,NA,1,,,
Murakami_2015,20151109,20151101,year15_04,20,,1.66,1,,,
Murakami_2015,20151109,20151101,year15_04,21,,1.91,1,1,,
Murakami_2015,20151109,20151101,year15_04,23,,1.47,1,,,
Murakami_2015,20151109,20151101,year15_04,24,,NA,1,,,
Murakami_2015,20151110,20151101,year15_04,1,W,2.72,1,,,
Murakami_2015,20151110,20151101,year15_04,5,W,2.89,1,,,
Murakami_2015,20151110,20151101,year15_04,7,W,3.11,1,,,
Murakami_2015,20151110,20151101,year15_04,18,W,2.82,1,,,
Murakami_2015,20151110,20151101,year15_04,19,W,2.47,1,,,
Murakami_2015,20151110,20151101,year15_04,22,W,2.34,1,,,
Murakami_2015,20151111,20151101,year15_04,1,W,2.97,1,,,
Murakami_2015,20151111,20151101,year15_04,5,W,2.93,1,,,
Murakami_2015,20151111,20151101,year15_04,7,W,3.33,1,,,
Murakami_2015,20151111,20151101,year15_04,18,W,3.17,1,,,
Murakami_2015,20151111,20151101,year15_04,19,W,2.79,1,,,
Murakami_2015,20151111,20151101,year15_04,22,W,2.78,1,,,
Murakami_2015,20151113,20151101,year15_04,1,W,2.84,1,,,
Murakami_2015,20151113,20151101,year15_04,5,W,3.02,1,,,
Murakami_2015,20151113,20151101,year15_04,7,W,3.06,1,,,
Murakami_2015,20151113,20151101,year15_04,18,W,3.21,1,,,
Murakami_2015,20151113,20151101,year15_04,19,W,2.92,1,,,
Murakami_2015,20151113,20151101,year15_04,22,W,2.81,1,,,
Murakami_2015,20151115,20151101,year15_04,1,W,3.88,1,,,
Murakami_2015,20151115,20151101,year15_04,5,W,3.69,1,,,
Murakami_2015,20151115,20151101,year15_04,7,W,4.17,1,,,
Murakami_2015,20151115,20151101,year15_04,18,W,3.81,1,,,
Murakami_2015,20151115,20151101,year15_04,19,W,3.32,1,,,
Murakami_2015,20151115,20151101,year15_04,22,W,3.99,1,,,
Murakami_2015,20151116,20151101,year15_04,1,W,NA,1,,511,557
Murakami_2015,20151116,20151101,year15_04,5,W,NA,1,,473,505
Murakami_2015,20151116,20151101,year15_04,7,W,NA,1,,489,432
Murakami_2015,20151116,20151101,year15_04,18,W,NA,1,,527,419
Murakami_2015,20151116,20151101,year15_04,19,W,NA,1,,436,495
Murakami_2015,20151116,20151101,year15_04,22,W,NA,1,,518,455
Murakami_2015,20151129,20151121,year15_05,35,,1.65,1,1,,
Murakami_2015,20151129,20151121,year15_05,38,,1.89,1,1,,
Murakami_2015,20151129,20151121,year15_05,21,,1.92,1,1,,
Murakami_2015,20151129,20151121,year15_05,13,,2.17,1,1,,
Murakami_2015,20151129,20151121,year15_05,11,,2.28,1,1,,
Murakami_2015,20151129,20151121,year15_05,22,,1.72,1,2,,
Murakami_2015,20151129,20151121,year15_05,4,,1.86,1,2,,
Murakami_2015,20151129,20151121,year15_05,14,,2,1,2,,
Murakami_2015,20151129,20151121,year15_05,17,,2.06,1,2,,
Murakami_2015,20151129,20151121,year15_05,1,,2.14,1,2,,
Murakami_2015,20151129,20151121,year15_05,18,,2.25,1,2,,
Murakami_2015,20151129,20151121,year15_05,9,W,1.48,1,-1,,
Murakami_2015,20151129,20151121,year15_05,7,On10,1.83,1,-1,,
Murakami_2015,20151129,20151121,year15_05,36,On60,1.85,1,-1,,
Murakami_2015,20151129,20151121,year15_05,34,On60,1.88,1,-1,,
Murakami_2015,20151129,20151121,year15_05,26,W,1.89,1,-1,,
Murakami_2015,20151129,20151121,year15_05,25,On10,1.92,1,-1,,
Murakami_2015,20151129,20151121,year15_05,30,On60,2.01,1,-1,,
Murakami_2015,20151129,20151121,year15_05,19,On10,2.02,1,-1,,
Murakami_2015,20151129,20151121,year15_05,31,On10,2.03,1,-1,,
Murakami_2015,20151129,20151121,year15_05,41,On60,2.05,1,-1,,
Murakami_2015,20151129,20151121,year15_05,10,,2.65,1,-1,,
Murakami_2015,20151129,20151121,year15_05,15,,1.62,1,,,
Murakami_2015,20151129,20151121,year15_05,33,,1.68,1,,,
Murakami_2015,20151129,20151121,year15_05,20,,1.72,1,,,
Murakami_2015,20151129,20151121,year15_05,8,,1.77,1,,,
Murakami_2015,20151129,20151121,year15_05,24,,1.78,1,,,
Murakami_2015,20151129,20151121,year15_05,6,,1.81,1,,,
Murakami_2015,20151129,20151121,year15_05,12,W,1.81,1,,,
Murakami_2015,20151129,20151121,year15_05,37,W,1.81,1,,,
Murakami_2015,20151129,20151121,year15_05,3,W,1.84,1,,,
Murakami_2015,20151129,20151121,year15_05,32,,1.86,1,,,
Murakami_2015,20151129,20151121,year15_05,40,,1.89,1,,,
Murakami_2015,20151129,20151121,year15_05,28,,1.94,1,,,
Murakami_2015,20151129,20151121,year15_05,27,,2.1,1,,,
Murakami_2015,20151129,20151121,year15_05,29,,2.1,1,,,
Murakami_2015,20151129,20151121,year15_05,23,,2.19,1,,,
Murakami_2015,20151129,20151121,year15_05,5,,2.59,1,,,
Murakami_2015,20151129,20151121,year15_05,16,W,3.01,1,,,
Murakami_2015,20151129,20151121,year15_05,2,,NA,1,,,
Murakami_2015,20151129,20151121,year15_05,39,,NA,1,,,
Murakami_2015,20151201,20151121,year15_05,7,On10,3.17,1,,,
Murakami_2015,20151201,20151121,year15_05,19,On10,3.31,1,,,
Murakami_2015,20151201,20151121,year15_05,25,On10,3.14,1,,,
Murakami_2015,20151201,20151121,year15_05,31,On10,3,1,,,
Murakami_2015,20151201,20151121,year15_05,30,On60,2.98,1,,,
Murakami_2015,20151201,20151121,year15_05,34,On60,3.06,1,,,
Murakami_2015,20151201,20151121,year15_05,36,On60,3.24,1,,,
Murakami_2015,20151201,20151121,year15_05,41,On60,3.49,1,,,
Murakami_2015,20151201,20151121,year15_05,3,W,2.99,1,,,
Murakami_2015,20151201,20151121,year15_05,9,W,2.54,1,,,
Murakami_2015,20151201,20151121,year15_05,12,W,2.66,1,,,
Murakami_2015,20151201,20151121,year15_05,16,W,4.28,1,,,
Murakami_2015,20151201,20151121,year15_05,26,W,3.08,1,,,
Murakami_2015,20151201,20151121,year15_05,37,W,2.71,1,,,
Murakami_2015,20151203,20151121,year15_05,7,On10,3.91,1,,,
Murakami_2015,20151203,20151121,year15_05,19,On10,3.51,1,,,
Murakami_2015,20151203,20151121,year15_05,25,On10,3.49,1,,,
Murakami_2015,20151203,20151121,year15_05,31,On10,3.63,1,,,
Murakami_2015,20151203,20151121,year15_05,30,On60,3.83,1,,,
Murakami_2015,20151203,20151121,year15_05,34,On60,3.82,1,,,
Murakami_2015,20151203,20151121,year15_05,36,On60,3.94,1,,,
Murakami_2015,20151203,20151121,year15_05,41,On60,4.25,1,,,
Murakami_2015,20151203,20151121,year15_05,3,W,2.81,1,,,
Murakami_2015,20151203,20151121,year15_05,9,W,2.89,1,,,
Murakami_2015,20151203,20151121,year15_05,12,W,2.95,1,,,
Murakami_2015,20151203,20151121,year15_05,16,W,3.95,1,,,
Murakami_2015,20151203,20151121,year15_05,26,W,3.17,1,,,
Murakami_2015,20151203,20151121,year15_05,37,W,3.04,1,,,
Murakami_2015,20151205,20151121,year15_05,7,On10,3.5,1,,,
Murakami_2015,20151205,20151121,year15_05,19,On10,4.11,1,,,
Murakami_2015,20151205,20151121,year15_05,25,On10,3.93,1,,,
Murakami_2015,20151205,20151121,year15_05,31,On10,3.55,1,,,
Murakami_2015,20151205,20151121,year15_05,30,On60,3.46,1,,,
Murakami_2015,20151205,20151121,year15_05,34,On60,3.79,1,,,
Murakami_2015,20151205,20151121,year15_05,36,On60,3.44,1,,,
Murakami_2015,20151205,20151121,year15_05,41,On60,4.23,1,,,
Murakami_2015,20151205,20151121,year15_05,3,W,3.07,1,,,
Murakami_2015,20151205,20151121,year15_05,9,W,2.6,1,,,
Murakami_2015,20151205,20151121,year15_05,12,W,2.95,1,,,
Murakami_2015,20151205,20151121,year15_05,16,W,4.57,1,,,
Murakami_2015,20151205,20151121,year15_05,26,W,3.27,1,,,
Murakami_2015,20151205,20151121,year15_05,37,W,2.95,1,,,
Murakami_2015,20151207,20151121,year15_05,7,On10,4.94,1,,,
Murakami_2015,20151207,20151121,year15_05,19,On10,4.8,1,, ,
Murakami_2015,20151207,20151121,year15_05,25,On10,4.67,1,,,
Murakami_2015,20151207,20151121,year15_05,31,On10,5.13,1,,,
Murakami_2015,20151207,20151121,year15_05,30,On60,5.68,1,,,
Murakami_2015,20151207,20151121,year15_05,34,On60,5.47,1,,,
Murakami_2015,20151207,20151121,year15_05,36,On60,5.09,1,,,
Murakami_2015,20151207,20151121,year15_05,41,On60,5.81,1,,,
Murakami_2015,20151207,20151121,year15_05,3,W,4.15,1,,,
Murakami_2015,20151207,20151121,year15_05,9,W,3.71,1,,,
Murakami_2015,20151207,20151121,year15_05,12,W,4.12,1,,,
Murakami_2015,20151207,20151121,year15_05,16,W,4.57,1,,,
Murakami_2015,20151207,20151121,year15_05,26,W,3.89,1,,,
Murakami_2015,20151207,20151121,year15_05,37,W,4.41,1,,,
Murakami_2015,20151206,20151121,year15_05,7,On10,,1,,559,569
Murakami_2015,20151206,20151121,year15_05,19,On10,,1,,564,513
Murakami_2015,20151206,20151121,year15_05,25,On10,,1,,547,589
Murakami_2015,20151206,20151121,year15_05,31,On10,,1,,511,594
Murakami_2015,20151206,20151121,year15_05,30,On60,,1,,579,496
Murakami_2015,20151206,20151121,year15_05,34,On60,,1,,528,496
Murakami_2015,20151206,20151121,year15_05,36,On60,,1,,465,533
Murakami_2015,20151206,20151121,year15_05,41,On60,,1,,545,543
Murakami_2015,20151206,20151121,year15_05,3,W,,1,,455,381
Murakami_2015,20151206,20151121,year15_05,9,W,,1,,441,479
Murakami_2015,20151206,20151121,year15_05,12,W,,1,,508,363
Murakami_2015,20151206,20151121,year15_05,16,W,,1,,462,521
Murakami_2015,20151206,20151121,year15_05,26,W,,1,,481,407
Murakami_2015,20151206,20151121,year15_05,37,W,,1,,421,427
Murakami_2015,20151216,20151208,year15_06,4,On100,2.35,1,-1,,
Murakami_2015,20151216,20151208,year15_06,10,On100,1.57,1,-1,,
Murakami_2015,20151216,20151208,year15_06,14,On100,2.01,1,-1,,
Murakami_2015,20151216,20151208,year15_06,15,On100,1.97,1,-1,,
Murakami_2015,20151216,20151208,year15_06,13,On600,1.52,1,-1,,
Murakami_2015,20151216,20151208,year15_06,17,On600,2.07,1,-1,,
Murakami_2015,20151216,20151208,year15_06,19,On600,2.08,1,-1,,
Murakami_2015,20151216,20151208,year15_06,23,On600,2.07,1,-1,,
Murakami_2015,20151216,20151208,year15_06,1,,1.74,1,,,
Murakami_2015,20151216,20151208,year15_06,2,,1.73,1,,,
Murakami_2015,20151216,20151208,year15_06,3,,1.79,1,,,
Murakami_2015,20151216,20151208,year15_06,5,,1.66,1,,,
Murakami_2015,20151216,20151208,year15_06,6,,1.07,1,,,
Murakami_2015,20151216,20151208,year15_06,7,,1.81,1,2,,
Murakami_2015,20151216,20151208,year15_06,8,,1.55,1,,,
Murakami_2015,20151216,20151208,year15_06,9,,1.36,1,,,
Murakami_2015,20151216,20151208,year15_06,11,,2.17,1,-1,,
Murakami_2015,20151216,20151208,year15_06,12,,1.72,1,,,
Murakami_2015,20151216,20151208,year15_06,16,,2.16,1,2,,
Murakami_2015,20151216,20151208,year15_06,18,,1.91,1,,,
Murakami_2015,20151216,20151208,year15_06,20,,NA,1,,,
Murakami_2015,20151216,20151208,year15_06,21,,2.17,1,,,
Murakami_2015,20151216,20151208,year15_06,22,,NA,1,,,
Murakami_2015,20151216,20151208,year15_06,24,,1.53,1,,,
Murakami_2015,20151218,20151208,year15_06,22,On10,2.25,1,,,
Murakami_2015,20151218,20151208,year15_06,25,On10,2.02,1,,,
Murakami_2015,20151218,20151208,year15_06,36,On10,1.87,1,,,
Murakami_2015,20151218,20151208,year15_06,37,On10,2.26,1,,,
Murakami_2015,20151218,20151208,year15_06,7,On60,2,1,,,
Murakami_2015,20151218,20151208,year15_06,20,On60,2.22,1,,,
Murakami_2015,20151218,20151208,year15_06,33,On60,1.97,1,,,
Murakami_2015,20151218,20151208,year15_06,34,On60,2.38,1,,,
Murakami_2015,20151218,20151208,year15_06,14,W,2.2,1,,,
Murakami_2015,20151218,20151208,year15_06,23,W,1.89,1,,,
Murakami_2015,20151218,20151208,year15_06,28,W,2.23,1,,,
Murakami_2015,20151218,20151208,year15_06,31,W,2.46,1,,,
Murakami_2015,20151218,20151208,year15_06,40,W,1.67,1,,,
Murakami_2015,20151218,20151208,year15_06,41,W,1.84,1,,,
Murakami_2015,20151220,20151208,year15_06,22,On10,3.51,1,,,
Murakami_2015,20151220,20151208,year15_06,25,On10,3.24,1,,,
Murakami_2015,20151220,20151208,year15_06,36,On10,3.43,1,,,
Murakami_2015,20151220,20151208,year15_06,37,On10,3.14,1,,,
Murakami_2015,20151220,20151208,year15_06,7,On60,3.51,1,,,
Murakami_2015,20151220,20151208,year15_06,20,On60,3.24,1,,,
Murakami_2015,20151220,20151208,year15_06,33,On60,2.85,1,,,
Murakami_2015,20151220,20151208,year15_06,34,On60,3.41,1,,,
Murakami_2015,20151220,20151208,year15_06,14,W,2.94,1,,,
Murakami_2015,20151220,20151208,year15_06,23,W,3.12,1,,,
Murakami_2015,20151220,20151208,year15_06,28,W,3.3,1,,,
Murakami_2015,20151220,20151208,year15_06,31,W,3.1,1,,,
Murakami_2015,20151220,20151208,year15_06,40,W,2.9,1,,,
Murakami_2015,20151220,20151208,year15_06,41,W,2.76,1,,,
Murakami_2015,20151222,20151208,year15_06,22,On10,3.42,1,,,
Murakami_2015,20151222,20151208,year15_06,25,On10,3.64,1,,,
Murakami_2015,20151222,20151208,year15_06,36,On10,3.85,1,,,
Murakami_2015,20151222,20151208,year15_06,37,On10,3.81,1,,,
Murakami_2015,20151222,20151208,year15_06,7,On60,3.33,1,,,
Murakami_2015,20151222,20151208,year15_06,20,On60,3.9,1,,,
Murakami_2015,20151222,20151208,year15_06,33,On60,3.93,1,,,
Murakami_2015,20151222,20151208,year15_06,34,On60,4.07,1,,,
Murakami_2015,20151222,20151208,year15_06,14,W,3.03,1,,,
Murakami_2015,20151222,20151208,year15_06,23,W,2.75,1,,,
Murakami_2015,20151222,20151208,year15_06,28,W,3.83,1,,,
Murakami_2015,20151222,20151208,year15_06,31,W,3.36,1,,,
Murakami_2015,20151222,20151208,year15_06,40,W,2.68,1,,,
Murakami_2015,20151222,20151208,year15_06,41,W,2.79,1,,,
Murakami_2015,20151224,20151208,year15_06,22,On10,4.04,1,,,
Murakami_2015,20151224,20151208,year15_06,25,On10,3.31,1,,,
Murakami_2015,20151224,20151208,year15_06,36,On10,3.37,1,,,
Murakami_2015,20151224,20151208,year15_06,37,On10,4.27,1,,,
Murakami_2015,20151224,20151208,year15_06,7,On60,4.27,1,,,
Murakami_2015,20151224,20151208,year15_06,20,On60,4.29,1,,,
Murakami_2015,20151224,20151208,year15_06,33,On60,4.28,1,,,
Murakami_2015,20151224,20151208,year15_06,34,On60,4.73,1,,,
Murakami_2015,20151224,20151208,year15_06,14,W,4.24,1,,,
Murakami_2015,20151224,20151208,year15_06,23,W,3.96,1,,,
Murakami_2015,20151224,20151208,year15_06,28,W,4.35,1,,,
Murakami_2015,20151224,20151208,year15_06,31,W,4,1,,,
Murakami_2015,20151224,20151208,year15_06,40,W,3.86,1,,,
Murakami_2015,20151224,20151208,year15_06,41,W,3.66,1,,,
Murakami_2015,20151226,20151208,year15_06,22,On10,5.06,1,,,
Murakami_2015,20151226,20151208,year15_06,25,On10,4.97,1,,,
Murakami_2015,20151226,20151208,year15_06,36,On10,5.06,1,,,
Murakami_2015,20151226,20151208,year15_06,37,On10,6.03,1,,,
Murakami_2015,20151226,20151208,year15_06,7,On60,5.25,1,,,
Murakami_2015,20151226,20151208,year15_06,20,On60,5.21,1,,,
Murakami_2015,20151226,20151208,year15_06,33,On60,5.54,1,,,
Murakami_2015,20151226,20151208,year15_06,34,On60,5.78,1,,,
Murakami_2015,20151226,20151208,year15_06,14,W,4.34,1,,,
Murakami_2015,20151226,20151208,year15_06,23,W,4.01,1,,,
Murakami_2015,20151226,20151208,year15_06,28,W,4.71,1,,,
Murakami_2015,20151226,20151208,year15_06,31,W,4.46,1,,,
Murakami_2015,20151226,20151208,year15_06,40,W,4.3,1,,,
Murakami_2015,20151226,20151208,year15_06,41,W,4.1,1,,,
Murakami_2015,20151225,20151208,year15_06,22,On10,,1,,459,507
Murakami_2015,20151225,20151208,year15_06,25,On10,,1,,443,502
Murakami_2015,20151225,20151208,year15_06,36,On10,,1,,451,422
Murakami_2015,20151225,20151208,year15_06,37,On10,,1,,463,527
Murakami_2015,20151225,20151208,year15_06,7,On60,,1,,563,552
Murakami_2015,20151225,20151208,year15_06,20,On60,,1,,454,484
Murakami_2015,20151225,20151208,year15_06,33,On60,,1,,556,553
Murakami_2015,20151225,20151208,year15_06,34,On60,,1,,497,507
Murakami_2015,20151225,20151208,year15_06,14,W,,1,,459,459
Murakami_2015,20151225,20151208,year15_06,23,W,,1,,450,458
Murakami_2015,20151225,20151208,year15_06,28,W,,1,,393,448
Murakami_2015,20151225,20151208,year15_06,31,W,,1,,470,434
Murakami_2015,20151225,20151208,year15_06,40,W,,1,,436,424
Murakami_2015,20151225,20151208,year15_06,41,W,,1,,484,476
Murakami_2015,20160102,20151225,1601,1,,1.22,1,,,
Murakami_2015,20160102,20151225,1601,2,,1.3,1,,,
Murakami_2015,20160102,20151225,1601,3,,1.48,1,,,
Murakami_2015,20160102,20151225,1601,4,,1.62,1,,,
Murakami_2015,20160102,20151225,1601,5,,1.09,1,,,
Murakami_2015,20160102,20151225,1601,6,,1.33,1,,,
Murakami_2015,20160102,20151225,1601,7,,1.32,1,-1,,
Murakami_2015,20160102,20151225,1601,8,,1.72,1,-1,,
Murakami_2015,20160102,20151225,1601,9,,1.35,1,,,
Murakami_2015,20160102,20151225,1601,10,,1.42,1,,,
Murakami_2015,20160102,20151225,1601,11,,1.69,1,,,
Murakami_2015,20160102,20151225,1601,12,,NA,1,,,
Murakami_2015,20160102,20151225,1601,13,,1.65,1,,,
Murakami_2015,20160102,20151225,1601,14,,2.13,1,2,,
Murakami_2015,20160102,20151225,1601,15,,NA,1,,,
Murakami_2015,20160102,20151225,1601,16,,1.49,1,,,
Murakami_2015,20160102,20151225,1601,17,,1.72,1,1,,
Murakami_2015,20160102,20151225,1601,18,,0.147,1,-1,,
Murakami_2015,20160102,20151225,1601,19,,0.8,1,,,
Murakami_2015,20160102,20151225,1601,20,,1.13,1,,,
Murakami_2015,20160102,20151225,1601,21,,1.6,1,,,
Murakami_2015,20160102,20151225,1601,22,,1.41,1,1,,
Murakami_2015,20160102,20151225,1601,23,,1.56,1,-1,,
Murakami_2015,20160102,20151225,1601,24,,1.51,1,,,
Murakami_2015,20160102,20151225,1601,25,,2.26,1,,,
Murakami_2015,20160102,20151225,1601,26,,1.62,1,,,
Murakami_2015,20160102,20151225,1601,27,,1.56,1,,,
Murakami_2015,20160102,20151225,1601,28,,1.95,1,-1,,
Murakami_2015,20160102,20151225,1601,29,,1.7,1,,,
Murakami_2015,20160102,20151225,1601,30,,2.19,1,,,
Murakami_2015,20160102,20151225,1601,31,,2.17,1,,,
Murakami_2015,20160102,20151225,1601,32,,1.87,1,-1,,
Murakami_2015,20160102,20151225,1601,33,,1.75,1,2,,
Murakami_2015,20160102,20151225,1601,34,,1.77,1,,,
Murakami_2015,20160102,20151225,1601,35,,1.43,1,,,
Murakami_2015,20160102,20151225,1601,36,,2.58,1,2,,
Murakami_2015,20160102,20151225,1601,37,,1.39,1,,,
Murakami_2015,20160102,20151225,1601,38,,2.7,1,2,,
Murakami_2015,20160102,20151225,1601,39,,1.51,1,,,
Murakami_2015,20160102,20151225,1601,40,,1.7,1,1,,
Murakami_2015,20160102,20151225,1601,41,,1.98,1,,,
Murakami_2015,20160102,20151225,1601,42,,1.94,1,-1,,
Murakami_2015,20160102,20151225,1601,43,,1.54,1,2,,
Murakami_2015,20160102,20151225,1601,44,,2.22,1,1,,
Murakami_2015,20160102,20151225,1601,45,,2.46,1,2,,
Murakami_2015,20160102,20151225,1601,46,,1.8,1,,,
Murakami_2015,20160102,20151225,1601,47,,NA,0,,,
Murakami_2015,20160102,20151225,1601,48,,2.09,1,,,
Murakami_2015,20160102,20151225,1601,49,,1.3,1,,,
Murakami_2015,20160102,20151225,1601,50,,1.4,1,,,
Murakami_2015,20160102,20151225,1601,51,,NA,1,,,
Murakami_2015,20160102,20151225,1601,52,,1.59,1,,,
Murakami_2015,20160102,20151225,1601,53,,1.86,1,,,
Murakami_2015,20160102,20151225,1601,54,,1.7,1,,,
Murakami_2015,20160102,20151225,1601,55,,1.83,1,,,
Murakami_2015,20160102,20151225,1601,56,,1.71,1,,,
Murakami_2015,20160102,20151225,1601,57,,1.8,1,,,
Murakami_2015,20160102,20151225,1601,58,,1.68,1,,,
Murakami_2015,20160102,20151225,1601,59,,1.36,1,2,,
Murakami_2015,20160102,20151225,1601,60,,1.45,1,-1,,
Murakami_2015,20160102,20151225,1601,61,,1.68,1,2,,
Murakami_2015,20160102,20151225,1601,62,,1.28,1,,,
Murakami_2015,20160102,20151225,1601,63,,1.44,1,,,
Murakami_2015,20160102,20151225,1601,64,,1.35,1,,,
Murakami_2015,20160102,20151225,1601,65,,1.31,1,1,,
Murakami_2015,20160102,20151225,1601,66,,1.61,1,,,
Murakami_2015,20160102,20151225,1601,67,,1.38,1,,,
Murakami_2015,20160102,20151225,1601,68,,1.33,1,-1,,
Murakami_2015,20160102,20151225,1601,69,,1.58,1,,,
Murakami_2015,20160102,20151225,1601,70,,1.36,1,,,
Murakami_2015,20160102,20151225,1601,71,,1.4,1,,,
Murakami_2015,20160102,20151225,1601,72,,1.31,1,,,
Murakami_2015,20160102,20151225,1601,73,,1.33,1,1,,
Murakami_2015,20160102,20151225,1601,74,,1.23,1,,,
Murakami_2015,20160102,20151225,1601,75,,1.43,1,,,
Murakami_2015,20160102,20151225,1601,76,,1.65,1,,,
Murakami_2015,20160102,20151225,1601,77,,2.06,1,,,
Murakami_2015,20160102,20151225,1601,78,,1.01,1,,,
Murakami_2015,20160102,20151225,1601,79,,1.72,1,-1,,
Murakami_2015,20160102,20151225,1601,80,,1.95,1,,,
Murakami_2015,20160102,20151225,1601,81,,1.76,1,,,
Murakami_2015,20160102,20151225,1601,82,,1.77,1,,,
Murakami_2015,20160102,20151225,1601,83,,1.44,1,,,
Murakami_2015,20160102,20151225,1601,84,,1.26,1,,,
Murakami_2015,20160102,20151225,1601,85,,1.3,1,,,
Murakami_2015,20160102,20151225,1601,86,,1.43,1,-1,,
Murakami_2015,20160102,20151225,1601,87,,2.11,1,1,,
Murakami_2015,20160102,20151225,1601,88,,1.32,1,,,
Murakami_2015,20160102,20151225,1601,89,,1.24,1,,,
Murakami_2015,20160102,20151225,1601,90,,1.61,1,-1,,
Murakami_2015,20160102,20151225,1601,91,,1.4,1,-1,,
Murakami_2015,20160102,20151225,1601,92,,1.3,1,,,
Murakami_2015,20160102,20151225,1601,93,,1.47,1,,,
Murakami_2015,20160102,20151225,1601,94,,1.44,1,,,
Murakami_2015,20160102,20151225,1601,95,,1.94,1,,,
Murakami_2015,20160102,20151225,1601,96,,1.56,1,-1,,
Murakami_2015,20160106,20151229,1602,1,W,2.18,1,-1,,
Murakami_2015,20160106,20151229,1602,5,W,2.32,1,-1,,
Murakami_2015,20160106,20151229,1602,7,W,1.97,1,-1,,
Murakami_2015,20160106,20151229,1602,18,W,1.74,1,-1,,
Murakami_2015,20160106,20151229,1602,19,W,2.04,1,-1,,
Murakami_2015,20160106,20151229,1602,22,W,1.78,1,-1,,
Murakami_2015,20160106,20151229,1602,2,,,1,,,
Murakami_2015,20160106,20151229,1602,3,,1.56,1,,,
Murakami_2015,20160106,20151229,1602,4,,,1,2,,
Murakami_2015,20160106,20151229,1602,6,,1.89,1,,,
Murakami_2015,20160106,20151229,1602,8,,1.88,1,,,
Murakami_2015,20160106,20151229,1602,9,,2.51,1,,,
Murakami_2015,20160106,20151229,1602,10,,1.55,1,-1,,
Murakami_2015,20160106,20151229,1602,11,,1.99,1,,,
Murakami_2015,20160106,20151229,1602,12,,1.83,1,2,,
Murakami_2015,20160106,20151229,1602,13,,1.78,1,,,
Murakami_2015,20160106,20151229,1602,14,,2.11,1,,,
Murakami_2015,20160106,20151229,1602,15,,2.31,1,,,
Murakami_2015,20160106,20151229,1602,16,,2,1,2,,
Murakami_2015,20160106,20151229,1602,17,,,1,,,
Murakami_2015,20160106,20151229,1602,20,,1.66,1,,,
Murakami_2015,20160106,20151229,1602,21,,1.91,1,1,,
Murakami_2015,20160106,20151229,1602,23,,1.47,1,,,
Murakami_2015,20160106,20151229,1602,24,,,1,,,
Murakami_2015,20160108,20151229,1602,4,ON100s,3.67,1,-1,,
Murakami_2015,20160108,20151229,1602,10,ON100s,2.81,1,-1,,
Murakami_2015,20160108,20151229,1602,14,ON100s,3.3,1,-1,,
Murakami_2015,20160108,20151229,1602,15,ON100s,3.04,1,-1,,
Murakami_2015,20160108,20151229,1602,13,ON600s,2.02,1,-1,,
Murakami_2015,20160108,20151229,1602,17,ON600s,3.51,1,-1,,
Murakami_2015,20160108,20151229,1602,19,ON600s,3.27,1,-1,,
Murakami_2015,20160108,20151229,1602,23,ON600s,3.39,1,-1,,
Murakami_2015,20160110,20151229,1602,4,ON100s,3.45,1,-1,,
Murakami_2015,20160110,20151229,1602,10,ON100s,3.77,1,-1,,
Murakami_2015,20160110,20151229,1602,14,ON100s,4.38,1,-1,,
Murakami_2015,20160110,20151229,1602,15,ON100s,3.79,1,-1,,
Murakami_2015,20160110,20151229,1602,13,ON600s,3.39,1,-1,,
Murakami_2015,20160110,20151229,1602,17,ON600s,3.92,1,-1,,
Murakami_2015,20160110,20151229,1602,19,ON600s,3.41,1,-1,,
Murakami_2015,20160110,20151229,1602,23,ON600s,3.56,1,-1,,
Murakami_2015,20160112,20151229,1602,4,ON100s,4.47,1,-1,,
Murakami_2015,20160110,20151229,1602,10,ON100s,4.01,1,-1,,
Murakami_2015,20160110,20151229,1602,14,ON100s,4.37,1,-1,,
Murakami_2015,20160110,20151229,1602,15,ON100s,3.71,1,-1,,
Murakami_2015,20160110,20151229,1602,13,ON600s,4.29,1,-1,,
Murakami_2015,20160110,20151229,1602,17,ON600s,4.04,1,-1,,
Murakami_2015,20160110,20151229,1602,19,ON600s,4.05,1,-1,,
Murakami_2015,20160110,20151229,1602,23,ON600s,3.76,1,-1,,
Murakami_2015,20160116,20160108,1603,1,,1.64,1,1,,
Murakami_2015,20160116,20160108,1603,2,,NA,1,,,
Murakami_2015,20160116,20160108,1603,3,,NA,1,,,
Murakami_2015,20160116,20160108,1603,4,,1.5,1,1,,
Murakami_2015,20160116,20160108,1603,5,,NA,1,,,
Murakami_2015,20160116,20160108,1603,6,,1.31,1,,,
Murakami_2015,20160116,20160108,1603,7,,NA,0,,,
Murakami_2015,20160116,20160108,1603,8,,NA,1,,,
Murakami_2015,20160116,20160108,1603,9,,NA,1,,,
Murakami_2015,20160116,20160108,1603,10,,1.2,1,,,
Murakami_2015,20160116,20160108,1603,11,,1.26,1,1,,
Murakami_2015,20160116,20160108,1603,12,,NA,1,,,
Murakami_2015,20160116,20160108,1603,13,,1.6,1,1,,
Murakami_2015,20160116,20160108,1603,14,,1.68,1,1,,
Murakami_2015,20160116,20160108,1603,15,,NA,1,,,
Murakami_2015,20160116,20160108,1603,16,,NA,1,,,
Murakami_2015,20160116,20160108,1603,17,,NA,1,,,
Murakami_2015,20160116,20160108,1603,18,,2.07,1,-1,,
Murakami_2015,20160116,20160108,1603,19,,1.88,1,,,
Murakami_2015,20160116,20160108,1603,20,,NA,1,,,
Murakami_2015,20160116,20160108,1603,21,,NA,1,,,
Murakami_2015,20160116,20160108,1603,22,,NA,1,,,
Murakami_2015,20160116,20160108,1603,23,,NA,1,,,
Murakami_2015,20160116,20160108,1603,24,,NA,1,,,
Murakami_2015,20160116,20160108,1603,25,,NA,1,,,
Murakami_2015,20160116,20160108,1603,26,,NA,1,,,
Murakami_2015,20160116,20160108,1603,27,,NA,1,,,
Murakami_2015,20160116,20160108,1603,28,,2.09,1,,,
Murakami_2015,20160116,20160108,1603,29,,NA,1,,,
Murakami_2015,20160116,20160108,1603,30,,NA,1,,,
Murakami_2015,20160116,20160108,1603,31,,1.15,1,1,,
Murakami_2015,20160116,20160108,1603,32,,1,1,1,,
Murakami_2015,20160116,20160108,1603,33,,NA,1,,,
Murakami_2015,20160116,20160108,1603,34,,1.26,1,,,
Murakami_2015,20160116,20160108,1603,35,,1.02,1,,,
Murakami_2015,20160116,20160108,1603,36,,NA,1,,,
Murakami_2015,20160116,20160108,1603,37,,NA,1,,,
Murakami_2015,20160116,20160108,1603,38,,NA,1,,,
Murakami_2015,20160116,20160108,1603,39,,NA,1,,,
Murakami_2015,20160116,20160108,1603,40,,NA,1,,,
Murakami_2015,20160116,20160108,1603,41,,1.43,1,1,,
Murakami_2015,20160116,20160108,1603,42,,NA,1,,,
Murakami_2015,20160116,20160108,1603,43,,1.6,1,,,
Murakami_2015,20160116,20160108,1603,44,,2.03,1,-1,,
Murakami_2015,20160116,20160108,1603,45,,2.74,1,1,,
Murakami_2015,20160116,20160108,1603,46,,NA,1,,,
Murakami_2015,20160116,20160108,1603,47,,1.84,1,1,,
Murakami_2015,20160116,20160108,1603,48,,1.34,1,1,,
Murakami_2015,20160116,20160108,1603,49,,NA,1,,,
Murakami_2015,20160116,20160108,1603,50,,NA,1,,,
Murakami_2015,20160116,20160108,1603,51,,1.44,1,1,,
Murakami_2015,20160116,20160108,1603,52,,1.92,1,1,,
Murakami_2015,20160116,20160108,1603,53,,NA,1,,,
Murakami_2015,20160116,20160108,1603,54,,1.86,1,1,,
Murakami_2015,20160116,20160108,1603,55,,1.39,1,1,,
Murakami_2015,20160116,20160108,1603,56,,1.59,1,,,
Murakami_2015,20160116,20160108,1603,57,,NA,1,,,
Murakami_2015,20160116,20160108,1603,58,,1.33,1,1,,
Murakami_2015,20160116,20160108,1603,59,,NA,1,,,
Murakami_2015,20160116,20160108,1603,60,,NA,1,,,
Murakami_2015,20160116,20160108,1603,61,,NA,1,,,
Murakami_2015,20160116,20160108,1603,62,,NA,1,,,
Murakami_2015,20160116,20160108,1603,63,,NA,1,,,
Murakami_2015,20160116,20160108,1603,64,,NA,1,,,
Murakami_2015,20160116,20160108,1603,65,,1.52,1,,,
Murakami_2015,20160116,20160108,1603,66,,NA,1,,,
Murakami_2015,20160116,20160108,1603,67,,NA,1,,,
Murakami_2015,20160116,20160108,1603,68,,NA,1,,,
Murakami_2015,20160116,20160108,1603,69,,1.13,1,,,
Murakami_2015,20160116,20160108,1603,70,,1.6,1,1,,
Murakami_2015,20160116,20160108,1603,71,,1.73,1,1,,
Murakami_2015,20160116,20160108,1603,72,,NA,1,,,
Murakami_2015,20160116,20160108,1603,73,,1.62,1,1,,
Murakami_2015,20160116,20160108,1603,74,,1.6,1,,,
Murakami_2015,20160116,20160108,1603,75,,1.92,1,,,
Murakami_2015,20160116,20160108,1603,76,,1.86,1,1,,
Murakami_2015,20160116,20160108,1603,77,,1.68,1,,,
Murakami_2015,20160116,20160108,1603,78,,1.9,1,,,
Murakami_2015,20160116,20160108,1603,79,,2.17,1,,,
Murakami_2015,20160116,20160108,1603,80,,2.49,1,,,
Murakami_2015,20160116,20160108,1603,81,,2.12,1,-1,,
Murakami_2015,20160116,20160108,1603,82,,1.9,1,-1,,
Murakami_2015,20160116,20160108,1603,83,,1.47,1,,,
Murakami_2015,20160116,20160108,1603,84,,1.8,1,,,
Murakami_2015,20160116,20160108,1603,85,,1.83,1,-1,,
Murakami_2015,20160116,20160108,1603,86,,1.69,1,,,
Murakami_2015,20160116,20160108,1603,87,,2.03,1,,,
Murakami_2015,20160116,20160108,1603,88,,NA,1,,,
Murakami_2015,20160116,20160108,1603,89,,1.54,1,,,
Murakami_2015,20160116,20160108,1603,90,,1.46,1,1,,
Murakami_2015,20160116,20160108,1603,91,,1.53,1,-1,,
Murakami_2015,20160116,20160108,1603,92,,2.3,1,,,
Murakami_2015,20160116,20160108,1603,93,,2.38,1,-1,,
Murakami_2015,20160116,20160108,1603,94,,1.8,1,-1,,
Murakami_2015,20160116,20160108,1603,95,,2.43,1,,,
Murakami_2015,20160116,20160108,1603,96,,2.67,1,1,,
Murakami_2015,20160123,20160115,1604,5,,1.37,1,,,
Murakami_2015,20160123,20160115,1604,20,W,1.4,1,,,
Murakami_2015,20160123,20160115,1604,22,,1.51,1,,,
Murakami_2015,20160123,20160115,1604,8,ON100s,1.55,1,-1,,
Murakami_2015,20160123,20160115,1604,7,,1.6,1,2,,
Murakami_2015,20160123,20160115,1604,1,,1.66,1,,,
Murakami_2015,20160123,20160115,1604,24,,1.76,1,,,
Murakami_2015,20160123,20160115,1604,4,ON600s,1.77,1,-1,,
Murakami_2015,20160123,20160115,1604,2,,1.86,1,,,
Murakami_2015,20160123,20160115,1604,13,ON600s,1.88,1,-1,,
Murakami_2015,20160123,20160115,1604,17,,1.92,1,1,,
Murakami_2015,20160123,20160115,1604,14,ON100s,2.03,1,-1,,
Murakami_2015,20160123,20160115,1604,11,,2.05,1,2,,
Murakami_2015,20160123,20160115,1604,15,ON100s,2.06,1,-1,,
Murakami_2015,20160123,20160115,1604,21,W,2.08,1,,,
Murakami_2015,20160123,20160115,1604,19,ON600s,2.14,1,-1,,
Murakami_2015,20160123,20160115,1604,23,,2.16,1,,,
Murakami_2015,20160123,20160115,1604,9,,2.18,1,,,
Murakami_2015,20160123,20160115,1604,16,,2.23,1,2,,
Murakami_2015,20160123,20160115,1604,10,W,2.27,1,,,
Murakami_2015,20160123,20160115,1604,18,ON600s,2.28,1,,,
Murakami_2015,20160123,20160115,1604,6,ON100s,2.34,1,-1,,
Murakami_2015,20160123,20160115,1604,12,W,2.38,1,,,
Murakami_2015,20160123,20160115,1604,3,,2.59,1,1,,
Murakami_2015,20160125,20160115,1604,10,W,3.06,1,-1,,
Murakami_2015,20160125,20160115,1604,12,W,3.52,1,-1,,
Murakami_2015,20160125,20160115,1604,20,W,2.26,1,-1,,
Murakami_2015,20160125,20160115,1604,21,W,3.47,1,-1,,
Murakami_2015,20160125,20160115,1604,6,ON100s,3.23,1,-1,,
Murakami_2015,20160125,20160115,1604,8,ON100s,2.43,1,-1,,
Murakami_2015,20160125,20160115,1604,14,ON100s,2.91,1,-1,,
Murakami_2015,20160125,20160115,1604,15,ON100s,2.91,1,-1,,
Murakami_2015,20160125,20160115,1604,4,ON600s,2.77,1,-1,,
Murakami_2015,20160125,20160115,1604,13,ON600s,2.68,1,-1,,
Murakami_2015,20160125,20160115,1604,18,ON600s,3.32,1,-1,,
Murakami_2015,20160125,20160115,1604,19,ON600s,3.01,1,-1,,
Murakami_2015,20160127,20160115,1604,10,W,3.67,1,-1,,
Murakami_2015,20160127,20160115,1604,12,W,3.99,1,-1,,
Murakami_2015,20160127,20160115,1604,20,W,2.93,1,-1,,
Murakami_2015,20160127,20160115,1604,21,W,3.25,1,-1,,
Murakami_2015,20160127,20160115,1604,6,ON100s,3.94,1,-1,,
Murakami_2015,20160127,20160115,1604,8,ON100s,3.23,1,-1,,
Murakami_2015,20160127,20160115,1604,14,ON100s,3.64,1,-1,,
Murakami_2015,20160127,20160115,1604,15,ON100s,4.18,1,-1,,
Murakami_2015,20160127,20160115,1604,4,ON600s,3.72,1,-1,,
Murakami_2015,20160127,20160115,1604,13,ON600s,3.47,1,-1,,
Murakami_2015,20160127,20160115,1604,18,ON600s,4.11,1,-1,,
Murakami_2015,20160127,20160115,1604,19,ON600s,4,1,-1,,
Murakami_2015,20160129,20160115,1604,10,W,3.8,1,-1,,
Murakami_2015,20160129,20160115,1604,12,W,4.32,1,-1,,
Murakami_2015,20160129,20160115,1604,20,W,2.9,1,-1,,
Murakami_2015,20160129,20160115,1604,21,W,3.75,1,-1,,
Murakami_2015,20160129,20160115,1604,6,ON100s,4.16,1,-1,,
Murakami_2015,20160129,20160115,1604,8,ON100s,3.04,1,-1,,
Murakami_2015,20160129,20160115,1604,14,ON100s,4.13,1,-1,,
Murakami_2015,20160129,20160115,1604,15,ON100s,4.04,1,-1,,
Murakami_2015,20160129,20160115,1604,4,ON600s,3.43,1,-1,,
Murakami_2015,20160129,20160115,1604,13,ON600s,3.52,1,-1,,
Murakami_2015,20160129,20160115,1604,18,ON600s,4.08,1,-1,,
Murakami_2015,20160129,20160115,1604,19,ON600s,4.37,1,-1,,
Murakami_2015,20160211,20160203,1605,1,,1.44,1,,,
Murakami_2015,20160211,20160203,1605,2,,1.47,1,,,
Murakami_2015,20160211,20160203,1605,3,,1.78,1,,,
Murakami_2015,20160211,20160203,1605,4,,1.96,1,,,
Murakami_2015,20160211,20160203,1605,5,ON600s,1.5,1,-1,,
Murakami_2015,20160211,20160203,1605,6,,NA,1,,,
Murakami_2015,20160211,20160203,1605,7,,2.69,1,1,,
Murakami_2015,20160211,20160203,1605,8,W,1.24,1,,,
Murakami_2015,20160211,20160203,1605,9,ON10s,2.06,1,-1,,
Murakami_2015,20160211,20160203,1605,10,ON600s,1.98,1,-1,,
Murakami_2015,20160211,20160203,1605,11,ON600s,2.4,1,-1,,
Murakami_2015,20160211,20160203,1605,12,W,1.72,1,,,
Murakami_2015,20160211,20160203,1605,13,,3.16,1,,,
Murakami_2015,20160211,20160203,1605,14,,2.16,1,1,,
Murakami_2015,20160211,20160203,1605,15,W,2.33,1,,,
Murakami_2015,20160211,20160203,1605,16,ON600s,1.56,1,-1,,
Murakami_2015,20160211,20160203,1605,17,ON10s,2.02,1,-1,,
Murakami_2015,20160211,20160203,1605,18,,2.94,1,,,
Murakami_2015,20160211,20160203,1605,19,W,2.44,1,,,
Murakami_2015,20160211,20160203,1605,20,ON10s,1.43,1,-1,,
Murakami_2015,20160211,20160203,1605,21,,1.87,1,1,,
Murakami_2015,20160211,20160203,1605,22,,1.72,1,1,,
Murakami_2015,20160211,20160203,1605,23,,1.65,1,1,,
Murakami_2015,20160211,20160203,1605,24,ON10s,1.6,1,-1,,
Murakami_2015,20160213,20160203,1605,8,W,2.25,1,-1,,
Murakami_2015,20160213,20160203,1605,12,W,2.51,1,-1,,
Murakami_2015,20160213,20160203,1605,15,W,3.25,1,-1,,
Murakami_2015,20160213,20160203,1605,19,W,3.68,1,-1,,
Murakami_2015,20160213,20160203,1605,9,ON10s,3.32,1,-1,,
Murakami_2015,20160213,20160203,1605,17,ON10s,3.31,1,-1,,
Murakami_2015,20160213,20160203,1605,20,ON10s,2.11,1,-1,,
Murakami_2015,20160213,20160203,1605,24,ON10s,2.66,1,-1,,
Murakami_2015,20160213,20160203,1605,5,ON600s,2.03,1,-1,,
Murakami_2015,20160213,20160203,1605,10,ON600s,3.63,1,-1,,
Murakami_2015,20160213,20160203,1605,11,ON600s,2.44,1,-1,,
Murakami_2015,20160213,20160203,1605,16,ON600s,3.87,1,-1,,
Murakami_2015,20160215,20160203,1605,8,W,2.71,1,-1,,
Murakami_2015,20160215,20160203,1605,12,W,3.39,1,-1,,
Murakami_2015,20160215,20160203,1605,15,W,3.17,1,-1,,
Murakami_2015,20160215,20160203,1605,19,W,3.68,1,-1,,
Murakami_2015,20160215,20160203,1605,9,ON10s,3.87,1,-1,,
Murakami_2015,20160215,20160203,1605,17,ON10s,3.8,1,-1,,
Murakami_2015,20160215,20160203,1605,20,ON10s,3.96,1,-1,,
Murakami_2015,20160215,20160203,1605,24,ON10s,4.21,1,-1,,
Murakami_2015,20160215,20160203,1605,5,ON600s,4.05,1,-1,,
Murakami_2015,20160215,20160203,1605,10,ON600s,4.21,1,-1,,
Murakami_2015,20160215,20160203,1605,11,ON600s,4.04,1,-1,,
Murakami_2015,20160215,20160203,1605,16,ON600s,3.63,1,-1,,
Murakami_2015,20160217,20160203,1605,8,W,4.25,1,-1,,
Murakami_2015,20160217,20160203,1605,12,W,3.6,1,-1,,
Murakami_2015,20160217,20160203,1605,15,W,4.32,1,-1,,
Murakami_2015,20160217,20160203,1605,19,W,3.94,1,-1,,
Murakami_2015,20160217,20160203,1605,9,ON10s,3.79,1,-1,,
Murakami_2015,20160217,20160203,1605,17,ON10s,4.36,1,-1,,
Murakami_2015,20160217,20160203,1605,20,ON10s,4.08,1,-1,,
Murakami_2015,20160217,20160203,1605,24,ON10s,4.14,1,-1,,
Murakami_2015,20160217,20160203,1605,5,ON600s,3.21,1,-1,,
Murakami_2015,20160217,20160203,1605,10,ON600s,3.87,1,-1,,
Murakami_2015,20160217,20160203,1605,11,ON600s,4.82,1,-1,,
Murakami_2015,20160217,20160203,1605,16,ON600s,3.29,1,-1,,
Murakami_2015,20160401,20160324,1606,1,,1.75,1,1,,
Murakami_2015,20160401,20160324,1606,2,W,2.06,1,-1,,
Murakami_2015,20160401,20160324,1606,3,,1.45,1,,,
Murakami_2015,20160401,20160324,1606,4,,1.5,1,,,
Murakami_2015,20160401,20160324,1606,5,W,1.97,1,-1,,
Murakami_2015,20160401,20160324,1606,6,,0.97,1,1,,
Murakami_2015,20160401,20160324,1606,7,,1.73,1,,,
Murakami_2015,20160401,20160324,1606,8,WFR,1.88,1,-1,,
Murakami_2015,20160401,20160324,1606,9,,1.43,1,,,
Murakami_2015,20160401,20160324,1606,10,,1.42,1,,,
Murakami_2015,20160401,20160324,1606,11,WFR,2.11,1,-1,,
Murakami_2015,20160401,20160324,1606,12,W,1.92,1,-1,,
Murakami_2015,20160401,20160324,1606,13,W,1.64,1,-1,,
Murakami_2015,20160401,20160324,1606,14,,NA,1,,,
Murakami_2015,20160401,20160324,1606,15,,1.79,1,,,
Murakami_2015,20160401,20160324,1606,16,,NA,1,,,
Murakami_2015,20160401,20160324,1606,17,WFR,2,1,-1,,
Murakami_2015,20160401,20160324,1606,18,,1.81,1,,,
Murakami_2015,20160401,20160324,1606,19,,1.77,1,,,
Murakami_2015,20160401,20160324,1606,20,,1.59,1,,,
Murakami_2015,20160401,20160324,1606,21,,NA,1,2,,
Murakami_2015,20160401,20160324,1606,22,,1.44,1,,,
Murakami_2015,20160401,20160324,1606,23,,2.12,1,,,
Murakami_2015,20160401,20160324,1606,24,,NA,1,,,
Murakami_2015,20160401,20160324,1606,25,WFR,2.31,1,-1,,
Murakami_2015,20160401,20160324,1606,26,,NA,1,,,
Murakami_2015,20160401,20160324,1606,27,,NA,1,,,
Murakami_2015,20160401,20160324,1606,28,W,1.99,1,-1,,
Murakami_2015,20160401,20160324,1606,29,WFR,1.93,1,-1,,
Murakami_2015,20160401,20160324,1606,30,,1.81,1,,,
Murakami_2015,20160401,20160324,1606,31,WFR,1.72,1,-1,,
Murakami_2015,20160401,20160324,1606,32,W,2.51,1,-1,,
Murakami_2015,20160403,20160324,1606,2,W,2.85,1,-1,,
Murakami_2015,20160403,20160324,1606,5,W,3.06,1,-1,,
Murakami_2015,20160403,20160324,1606,12,W,3.09,1,-1,,
Murakami_2015,20160403,20160324,1606,13,W,3.31,1,-1,,
Murakami_2015,20160403,20160324,1606,28,W,2.98,1,-1,,
Murakami_2015,20160403,20160324,1606,32,W,2.56,1,-1,,
Murakami_2015,20160403,20160324,1606,8,WFR,4.32,1,-1,,
Murakami_2015,20160403,20160324,1606,11,WFR,4.17,1,-1,,
Murakami_2015,20160403,20160324,1606,17,WFR,4.48,1,-1,,
Murakami_2015,20160403,20160324,1606,25,WFR,3.89,1,-1,,
Murakami_2015,20160403,20160324,1606,29,WFR,4.15,1,-1,,
Murakami_2015,20160403,20160324,1606,31,WFR,4.66,1,-1,,
Murakami_2015,20160405,20160324,1606,2,W,3.15,1,-1,,
Murakami_2015,20160405,20160324,1606,5,W,3.21,1,-1,,
Murakami_2015,20160405,20160324,1606,12,W,3.6,1,-1,,
Murakami_2015,20160405,20160324,1606,13,W,3.17,1,-1,,
Murakami_2015,20160405,20160324,1606,28,W,3.11,1,-1,,
Murakami_2015,20160405,20160324,1606,32,W,2.7,1,-1,,
Murakami_2015,20160405,20160324,1606,8,WFR,7.2,1,-1,,
Murakami_2015,20160405,20160324,1606,11,WFR,7.3,1,-1,,
Murakami_2015,20160405,20160324,1606,17,WFR,6.64,1,-1,,
Murakami_2015,20160405,20160324,1606,25,WFR,6.83,1,-1,,
Murakami_2015,20160405,20160324,1606,29,WFR,6.06,1,-1,,
Murakami_2015,20160405,20160324,1606,31,WFR,7.72,1,-1,,
Murakami_2015,20160407,20160324,1606,2,W,3.26,1,-1,,
Murakami_2015,20160407,20160324,1606,5,W,3.86,1,-1,,
Murakami_2015,20160407,20160324,1606,12,W,4.04,1,-1,,
Murakami_2015,20160407,20160324,1606,13,W,4.53,1,-1,,
Murakami_2015,20160407,20160324,1606,28,W,3.99,1,-1,,
Murakami_2015,20160407,20160324,1606,32,W,3.44,1,-1,,
Murakami_2015,20160407,20160324,1606,8,WFR,8.38,1,-1,,
Murakami_2015,20160407,20160324,1606,11,WFR,7.56,1,-1,,
Murakami_2015,20160407,20160324,1606,17,WFR,8.43,1,-1,,
Murakami_2015,20160407,20160324,1606,25,WFR,8.01,1,-1,,
Murakami_2015,20160407,20160324,1606,29,WFR,7.8,1,-1,,
Murakami_2015,20160407,20160324,1606,31,WFR,8.53,1,-1,,
Murakami_2015,20160407,20160324,1607,1,,1.71,1,2,,
Murakami_2015,20160407,20160324,1607,2,,1.96,1,2,,
Murakami_2015,20160407,20160324,1607,3,,1.58,1,,,
Murakami_2015,20160407,20160324,1607,4,,1.85,1,,,
Murakami_2015,20160407,20160324,1607,5,W,2.49,1,-1,,
Murakami_2015,20160407,20160324,1607,6,,0.98,1,2,,
Murakami_2015,20160407,20160324,1607,7,WFR,2.36,1,-1,,
Murakami_2015,20160407,20160324,1607,8,,1.43,1,,,
Murakami_2015,20160407,20160324,1607,9,,3.01,1,-1,,
Murakami_2015,20160407,20160324,1607,10,,3.48,1,-1,,
Murakami_2015,20160407,20160324,1607,11,,2.16,1,,,
Murakami_2015,20160407,20160324,1607,12,WFR,1.85,1,-1,,
Murakami_2015,20160407,20160324,1607,13,WFR,1.91,1,-1,,
Murakami_2015,20160407,20160324,1607,14,,2.34,1,1,,
Murakami_2015,20160407,20160324,1607,15,,2.29,1,,,
Murakami_2015,20160407,20160324,1607,16,,2.52,1,,,
Murakami_2015,20160407,20160324,1607,17,,2.31,1,,,
Murakami_2015,20160407,20160324,1607,18,WFR,2.24,1,-1,,
Murakami_2015,20160407,20160324,1607,19,W,2.06,1,-1,,
Murakami_2015,20160407,20160324,1607,20,,1.78,1,,,
Murakami_2015,20160407,20160324,1607,21,,2.1,1,,,
Murakami_2015,20160407,20160324,1607,22,,1.99,1,,,
Murakami_2015,20160407,20160324,1607,23,,1.96,1,1,,
Murakami_2015,20160407,20160324,1607,24,,1.67,1,,,
Murakami_2015,20160407,20160324,1607,25,W,1.99,1,-1,,
Murakami_2015,20160407,20160324,1607,26,WFR,2.06,1,-1,,
Murakami_2015,20160407,20160324,1607,27,,NA,1,,,
Murakami_2015,20160407,20160324,1608,1,W,1.99,1,-1,,
Murakami_2015,20160407,20160324,1608,2,,2.18,1,1,,
Murakami_2015,20160407,20160324,1608,3,W,2.02,1,-1,,
Murakami_2015,20160407,20160324,1608,4,,NA,1,,,
Murakami_2015,20160407,20160324,1608,5,WFR,2.02,1,-1,,
Murakami_2015,20160407,20160324,1608,6,,1.8,1,,,
Murakami_2015,20160407,20160324,1608,7,W,2.36,1,-1,,
Murakami_2015,20160407,20160324,1608,8,,NA,1,,,
Murakami_2015,20160407,20160324,1608,9,,1.84,1,,,
Murakami_2015,20160407,20160324,1608,10,,2.6,1,1,,
Murakami_2015,20160407,20160324,1608,11,WFR,2.28,1,-1,,
Murakami_2015,20160407,20160324,1608,12,,2.09,1,-1,,
Murakami_2015,20160407,20160324,1608,13,,1.58,1,,,
Murakami_2015,20160407,20160324,1608,14,,NA,1,,,
Murakami_2015,20160407,20160324,1608,15,,NA,1,,,
Murakami_2015,20160407,20160324,1608,16,,1.34,1,,,
Murakami_2015,20160407,20160324,1608,17,WFR,1.78,1,-1,,
Murakami_2015,20160407,20160324,1608,18,,0.51,1,2,,
Murakami_2015,20160407,20160324,1608,19,,NA,1,,,
Murakami_2015,20160407,20160324,1608,20,,1.18,1,,,
Murakami_2015,20160407,20160324,1608,21,,NA,1,,,
Murakami_2015,20160407,20160324,1608,22,WFR,2.2,1,-1,,
Murakami_2015,20160407,20160324,1608,23,W,2.11,1,-1,,
Murakami_2015,20160407,20160324,1608,24,,1.49,1,,,
Murakami_2015,20160615,20160607,1609,1,,NA,1,,,
Murakami_2015,20160615,20160607,1609,2,WFR,2.22,1,-1,,
Murakami_2015,20160615,20160607,1609,3,WFR,1.95,1,-1,,
Murakami_2015,20160615,20160607,1609,4,WFR,2.07,1,,,
Murakami_2015,20160615,20160607,1609,5,WFR,2.46,1,,,
Murakami_2015,20160615,20160607,1609,6,,NA,1,,,
Murakami_2015,20160615,20160607,1609,7,W,1.85,1,-1,,
Murakami_2015,20160615,20160607,1609,8,,NA,0,,,
Murakami_2015,20160615,20160607,1609,9,W,2.1,1,-1,,
Murakami_2015,20160615,20160607,1609,10,W,2.29,1,-1,,
Murakami_2015,20160615,20160607,1609,11,WFR,2.2,1,-1,,
Murakami_2015,20160615,20160607,1609,12,,1.31,1,2,,
Murakami_2015,20160615,20160607,1609,13,W,2.4,1,-1,,
Murakami_2015,20160615,20160607,1609,14,,NA,0,,,
Murakami_2015,20160615,20160607,1609,15,,1.72,1,1,,
Murakami_2015,20160615,20160607,1609,16,W,2.04,1,-1,,
Murakami_2015,20160615,20160607,1609,17,,2.16,1,2,,
Murakami_2015,20160615,20160607,1609,18,,1.71,1,1,,
Murakami_2015,20160615,20160607,1609,19,,1.59,1,1,,
Murakami_2015,20160615,20160607,1609,20,,NA,1,,,
Murakami_2015,20160615,20160607,1609,21,,1.58,1,,,
Murakami_2015,20160615,20160607,1609,22,WFR,1.91,1,-1,,
Murakami_2015,20160615,20160607,1609,23,,NA,1,,,
Murakami_2015,20160615,20160607,1609,24,W,2.08,1,-1,,
Murakami_2015,20160623,20160615,1610,1,W,2.19,1,-1,,
Murakami_2015,20160623,20160615,1610,2,,2.2,1,,,
Murakami_2015,20160623,20160615,1610,3,,2.51,1,,,
Murakami_2015,20160623,20160615,1610,4,W,2.05,1,-1,,
Murakami_2015,20160623,20160615,1610,5,W,2.31,1,-1,,
Murakami_2015,20160623,20160615,1610,6,W,2.2,1,-1,,
Murakami_2015,20160623,20160615,1610,7,W,2.13,1,,,
Murakami_2015,20160623,20160615,1610,8,,1.87,1,,,
Murakami_2015,20160623,20160615,1610,9,,2.61,1,1,,
Murakami_2015,20160623,20160615,1610,10,,2.14,1,,,
Murakami_2015,20160623,20160615,1610,11,WFR,2,1,-1,,
Murakami_2015,20160623,20160615,1610,12,WFR,2.38,1,-1,,
Murakami_2015,20160623,20160615,1610,13,W,2.42,1,-1,,
Murakami_2015,20160623,20160615,1610,14,,2.29,1,2,,
Murakami_2015,20160623,20160615,1610,15,,1.95,1,,,
Murakami_2015,20160623,20160615,1610,16,,1.89,1,,,
Murakami_2015,20160623,20160615,1610,17,WFR,2.29,1,-1,,
Murakami_2015,20160623,20160615,1610,18,WFR,1.88,1,-1,,
Murakami_2015,20160623,20160615,1610,19,,2.11,1,1,,
Murakami_2015,20160623,20160615,1610,20,WFR,2.39,1,-1,,
Murakami_2015,20160623,20160615,1610,21,,2.3,1,2,,
Murakami_2015,20160623,20160615,1610,22,WFR,2.07,1,-1,,
Murakami_2015,20160623,20160615,1610,23,,2.67,1,2,,
Murakami_2015,20160623,20160615,1610,24,,1.96,1,1,,
Murakami_2015,20160701,20160623,1611,1,,2.02,1,1,,
Murakami_2015,20160701,20160623,1611,2,W,2.08,1,,,
Murakami_2015,20160701,20160623,1611,3,,NA,1,,,
Murakami_2015,20160701,20160623,1611,4,,NA,1,,,
Murakami_2015,20160701,20160623,1611,5,,1.84,1,2,,
Murakami_2015,20160701,20160623,1611,6,,2.13,1,1,,
Murakami_2015,20160701,20160623,1611,7,,2.04,1,,,
Murakami_2015,20160701,20160623,1611,8,W,2.2,1,-1,,
Murakami_2015,20160701,20160623,1611,9,,2.05,1,,,
Murakami_2015,20160701,20160623,1611,10,,1.44,1,1,,
Murakami_2015,20160701,20160623,1611,11,,1.6,1,,,
Murakami_2015,20160701,20160623,1611,12,,2.08,1,,,
Murakami_2015,20160701,20160623,1611,13,,2.45,1,2,,
Murakami_2015,20160701,20160623,1611,14,W,1.97,1,-1,,
Murakami_2015,20160701,20160623,1611,15,,NA,1,,,
Murakami_2015,20160701,20160623,1611,16,,NA,1,,,
Murakami_2015,20160701,20160623,1611,17,,2.32,1,,,
Murakami_2015,20160701,20160623,1611,18,,2.22,1,,,
Murakami_2015,20160701,20160623,1611,19,,2.22,1,,,
Murakami_2015,20160701,20160623,1611,20,,NA,1,,,
Murakami_2015,20160701,20160623,1611,21,,1.61,1,,,
Murakami_2015,20160701,20160623,1611,22,,1.9,1,,,
Murakami_2015,20160701,20160623,1611,23,,1.94,1,,,
Murakami_2015,20160701,20160623,1611,24,W,2.08,1,,,
Murakami_2015,20160708,20160630,1612,1,WFR,2.3,1,-1,,
Murakami_2015,20160708,20160630,1612,2,,NA,1,,,
Murakami_2015,20160708,20160630,1612,3,,1.46,1,2,,
Murakami_2015,20160708,20160630,1612,4,,NA,1,,,
Murakami_2015,20160708,20160630,1612,5,,1.59,1,,,
Murakami_2015,20160708,20160630,1612,6,,1.59,1,1,,
Murakami_2015,20160708,20160630,1612,7,W,1.98,1,-1,,
Murakami_2015,20160708,20160630,1612,8,W,2.09,1,-1,,
Murakami_2015,20160708,20160630,1612,9,WFR,2.1,1,-1,,
Murakami_2015,20160708,20160630,1612,10,,2.41,1,,,
Murakami_2015,20160708,20160630,1612,11,W,2.2,1,-1,,
Murakami_2015,20160708,20160630,1612,12,WFR,1.65,1,-1,,
Murakami_2015,20160708,20160630,1612,13,WFR,2.14,1,-1,,
Murakami_2015,20160708,20160630,1612,14,W,2.11,1,-1,,
Murakami_2015,20160708,20160630,1612,15,,NA,1,,,
Murakami_2015,20160708,20160630,1612,16,,NA,1,,,
Murakami_2015,20160708,20160630,1612,17,W,1.96,1,-1,,
Murakami_2015,20160708,20160630,1612,18,,NA,1,,,
Murakami_2015,20160708,20160630,1612,19,,1.54,1,,,
Murakami_2015,20160708,20160630,1612,20,,NA,1,,,
Murakami_2015,20160708,20160630,1612,21,W,2.28,1,-1,,
Murakami_2015,20160708,20160630,1612,22,,1.76,1,2,,
Murakami_2015,20160708,20160630,1612,23,WFR,2.1,1,-1,,
Murakami_2015,20160708,20160630,1612,24,WFR,1.99,1,-1,,
Murakami_2015,20160715,20160707,1613,8,,1.67,1,,,
Murakami_2015,20160715,20160707,1613,1,,1.92,1,-1,,
Murakami_2015,20160715,20160707,1613,2,,1.99,1,,,
Murakami_2015,20160715,20160707,1613,4,W,2.04,1,-1,,
Murakami_2015,20160715,20160707,1613,13,WFR,2.16,1,-1,,
Murakami_2015,20160715,20160707,1613,7,WFR,2.21,1,-1,,
Murakami_2015,20160715,20160707,1613,3,,2.24,1,,,
Murakami_2015,20160715,20160707,1613,16,,2.31,1,2,,
Murakami_2015,20160715,20160707,1613,10,,2.33,1,,,
Murakami_2015,20160715,20160707,1613,15,W,2.36,1,-1,,
Murakami_2015,20160715,20160707,1613,5,,2.37,1,,,
Murakami_2015,20160715,20160707,1613,21,,2.4,1,,,
Murakami_2015,20160715,20160707,1613,23,,2.46,1,,,
Murakami_2015,20160715,20160707,1613,9,WFR,2.53,1,-1,,
Murakami_2015,20160715,20160707,1613,12,W,2.53,1,-1,,
Murakami_2015,20160715,20160707,1613,6,W,2.56,1,-1,,
Murakami_2015,20160715,20160707,1613,17,WFR,2.56,1,-1,,
Murakami_2015,20160715,20160707,1613,22,,2.61,1,2,,
Murakami_2015,20160715,20160707,1613,24,,2.68,1,,,
Murakami_2015,20160715,20160707,1613,14,WFR,2.8,1,-1,,
Murakami_2015,20160715,20160707,1613,19,W,2.83,1,-1,,
Murakami_2015,20160715,20160707,1613,11,W,2.91,1,-1,,
Murakami_2015,20160715,20160707,1613,18,WFR,3.08,1,-1,,
Murakami_2015,20160715,20160707,1613,20,,NA,1,,,
Murakami_2015,20160722,20160707,1613,4,W,4.19,1,-1,,
Murakami_2015,20160722,20160707,1613,6,W,4.57,1,-1,,
Murakami_2015,20160722,20160707,1613,11,W,4.49,1,-1,,
Murakami_2015,20160722,20160707,1613,12,W,4.54,1,-1,,
Murakami_2015,20160722,20160707,1613,15,W,4.05,1,-1,,
Murakami_2015,20160722,20160707,1613,19,W,4.67,1,-1,,
Murakami_2015,20160722,20160707,1613,7,WFR,9.8,1,-1,,
Murakami_2015,20160722,20160707,1613,9,WFR,9.39,1,-1,,
Murakami_2015,20160722,20160707,1613,13,WFR,10.28,1,-1,,
Murakami_2015,20160722,20160707,1613,14,WFR,9.93,1,-1,,
Murakami_2015,20160722,20160707,1613,17,WFR,10.11,1,-1,,
Murakami_2015,20160722,20160707,1613,18,WFR,9.77,1,-1,,
Murakami_2015,20160812,20160804,1614,14,,1.04,1,,,
Murakami_2015,20160812,20160804,1614,7,,1.33,1,,,
Murakami_2015,20160812,20160804,1614,11,,1.39,1,,,
Murakami_2015,20160812,20160804,1614,2,,1.53,1,,,
Murakami_2015,20160812,20160804,1614,9,W,1.57,1,,,
Murakami_2015,20160812,20160804,1614,19,,1.63,1,,,
Murakami_2015,20160812,20160804,1614,18,WFR,1.8,1,-1,,
Murakami_2015,20160812,20160804,1614,4,,1.85,1,,,
Murakami_2015,20160812,20160804,1614,21,WFR,1.9,1,,,
Murakami_2015,20160812,20160804,1614,6,,1.95,1,2,,
Murakami_2015,20160812,20160804,1614,5,W,2.03,1,-1,,
Murakami_2015,20160812,20160804,1614,3,WFR,2.05,1,,,
Murakami_2015,20160812,20160804,1614,1,W,2.11,1,-1,,
Murakami_2015,20160812,20160804,1614,10,W,2.11,1,-1,,
Murakami_2015,20160812,20160804,1614,12,WFR,2.18,1,-1,,
Murakami_2015,20160812,20160804,1614,20,,2.24,1,,,
Murakami_2015,20160812,20160804,1614,24,W,2.26,1,-1,,
Murakami_2015,20160812,20160804,1614,22,WFR,2.27,1,-1,,
Murakami_2015,20160812,20160804,1614,13,,2.32,1,1,,
Murakami_2015,20160812,20160804,1614,17,WFR,2.51,1,-1,,
Murakami_2015,20160812,20160804,1614,16,,2.52,1,,,
Murakami_2015,20160812,20160804,1614,23,,2.57,1,,,
Murakami_2015,20160812,20160804,1614,15,,2.59,1,,,
Murakami_2015,20160812,20160804,1614,8,W,2.66,1,-1,,
Murakami_2015,20160819,20160811,1615,1,WFR,1.96,1,,,
Murakami_2015,20160819,20160811,1615,2,WFR,2.63,1,-1,,
Murakami_2015,20160819,20160811,1615,3,W,1.75,1,,,
Murakami_2015,20160819,20160811,1615,4,,2.34,1,1,,
Murakami_2015,20160819,20160811,1615,5,,1.42,1,,,
Murakami_2015,20160819,20160811,1615,6,W,2.73,1,-1,,
Murakami_2015,20160819,20160811,1615,7,W,2.56,1,-1,,
Murakami_2015,20160819,20160811,1615,8,WFR,2.77,1,1,,
Murakami_2015,20160819,20160811,1615,9,W,2.5,1,-1,,
Murakami_2015,20160819,20160811,1615,10,WFR,2.86,1,-1,,
Murakami_2015,20160819,20160811,1615,11,WFR,2.21,1,,,
Murakami_2015,20160819,20160811,1615,12,,1.26,1,,,
Murakami_2015,20160819,20160811,1615,13,,1.97,1,2,,
Murakami_2015,20160819,20160811,1615,14,WFR,1.96,1,,,
Murakami_2015,20160819,20160811,1615,15,W,2.92,1,-1,,
Murakami_2015,20160819,20160811,1615,16,,1.27,1,,,
Murakami_2015,20160819,20160811,1615,17,,2.06,1,1,,
Murakami_2015,20160819,20160811,1615,18,W,2.15,1,,,
Murakami_2015,20160819,20160811,1615,19,,2.49,1,1,,
Murakami_2015,20160819,20160811,1615,20,,2.16,1,,,
Murakami_2015,20160819,20160811,1615,21,,1.86,1,1,,
Murakami_2015,20160819,20160811,1615,22,,2.7,1,2,,
Murakami_2015,20160819,20160811,1615,23,,2.34,1,1,,
Murakami_2015,20160819,20160811,1615,24,,2.48,1,1,,
Murakami_2015,20160902,20160825,1616,3,W,1.99,1,-1,,
Murakami_2015,20160902,20160825,1616,24,,2,1,,,
Murakami_2015,20160902,20160825,1616,20,,2.04,1,2,,
Murakami_2015,20160902,20160825,1616,22,WFR,2.08,1,-1,,
Murakami_2015,20160902,20160825,1616,19,WFR,2.09,1,-1,,
Murakami_2015,20160902,20160825,1616,21,,2.11,1,,,
Murakami_2015,20160902,20160825,1616,12,,2.19,1,,,
Murakami_2015,20160902,20160825,1616,13,W,2.19,1,-1,,
Murakami_2015,20160902,20160825,1616,23,,2.23,1,,,
Murakami_2015,20160902,20160825,1616,18,,2.24,1,,,
Murakami_2015,20160902,20160825,1616,2,,2.28,1,1,,
Murakami_2015,20160902,20160825,1616,11,WFR,2.29,1,-1,,
Murakami_2015,20160902,20160825,1616,10,W,2.36,1,-1,,
Murakami_2015,20160902,20160825,1616,14,W,2.36,1,-1,,
Murakami_2015,20160902,20160825,1616,17,WFR,2.41,1,-1,,
Murakami_2015,20160902,20160825,1616,1,W,2.45,1,-1,,
Murakami_2015,20160902,20160825,1616,4,,2.47,1,,,
Murakami_2015,20160902,20160825,1616,5,,2.47,1,,,
Murakami_2015,20160902,20160825,1616,16,,2.5,1,2,,
Murakami_2015,20160902,20160825,1616,8,WFR,2.53,1,,,
Murakami_2015,20160902,20160825,1616,6,WFR,2.54,1,-1,,
Murakami_2015,20160902,20160825,1616,9,,2.54,1,,,
Murakami_2015,20160902,20160825,1616,7,W,2.6,1,-1,,
Murakami_2015,20160902,20160825,1616,15,,2.74,1,,,